{
  "metadata": {
    "timestamp": "2026-01-22T03:48:07.012Z",
    "file_type": "csv",
    "comparison_type": "custom_numeric_distribution",
    "confidence_score": 100,
    "threshold": 90
  },
  "baseline_stats": {
    "mean": 28000,
    "median": 25000,
    "std_dev": 6819.090848492928,
    "min": 25000,
    "max": 46000,
    "p25": 25000,
    "p75": 25000,
    "count": 12,
    "variance": 46500000
  },
  "current_stats": {
    "mean": 1316666.6666666667,
    "median": 1200000,
    "std_dev": 310465.60016995267,
    "min": 1000000,
    "max": 2000000,
    "p25": 1200000,
    "p75": 1200000,
    "count": 12,
    "variance": 96388888888.8889
  },
  "detected_anomalies": [
    "Severe magnitude increase: 4602.38% increase (ratio: 47.0238)",
    "Data range expanded significantly: 47.6x larger than baseline"
  ],
  "diagnostics": "🚨 HIGH CONFIDENCE: Silent data corruption detected\n\nAnalysis type: Generic numeric distribution\n\nDetected anomalies:\n  1. Severe magnitude increase: 4602.38% increase (ratio: 47.0238)\n  2. Data range expanded significantly: 47.6x larger than baseline\n\nCommon causes:\n  - Unit conversion (currency, temperature, length)\n  - Locale/region change in data source\n  - Schema migration without data transformation\n  - Upstream API changes\n  - Data aggregation level changes",
  "sample_before": [
    25000,
    25000,
    25000,
    25000,
    25000,
    25000,
    25000,
    25000,
    25000,
    25000
  ],
  "sample_after": [
    1200000,
    1200000,
    1200000,
    1200000,
    1200000,
    1200000,
    1200000,
    1200000,
    1200000,
    1000000
  ],
  "status": "FAILED"
}