{
  "metadata": {
    "timestamp": "2026-01-03T03:22:30.724Z",
    "file_type": "csv",
    "comparison_type": "custom_numeric_distribution",
    "confidence_score": 100,
    "threshold": 90
  },
  "baseline_stats": {
    "mean": 573333.3333333334,
    "median": 540000,
    "std_dev": 101598.33769418781,
    "min": 480000,
    "max": 850000,
    "p25": 520000,
    "p75": 580000,
    "count": 12,
    "variance": 10322222222.222223
  },
  "current_stats": {
    "mean": 57333.333333333336,
    "median": 54000,
    "std_dev": 10159.83376941878,
    "min": 48000,
    "max": 85000,
    "p25": 52000,
    "p75": 58000,
    "count": 12,
    "variance": 103222222.22222221
  },
  "detected_anomalies": [
    "Severe magnitude drop: -90.00% decrease (ratio: 0.1000)",
    "Data range contracted significantly: 10% of baseline range"
  ],
  "diagnostics": "🚨 HIGH CONFIDENCE: Silent data corruption detected\n\nAnalysis type: Generic numeric distribution\n\nDetected anomalies:\n  1. Severe magnitude drop: -90.00% decrease (ratio: 0.1000)\n  2. Data range contracted significantly: 10% of baseline range\n\nCommon causes:\n  - Unit conversion (currency, temperature, length)\n  - Locale/region change in data source\n  - Schema migration without data transformation\n  - Upstream API changes\n  - Data aggregation level changes",
  "sample_before": [
    500000,
    480000,
    520000,
    510000,
    530000,
    540000,
    550000,
    560000,
    540000,
    580000
  ],
  "sample_after": [
    50000,
    48000,
    52000,
    51000,
    53000,
    54000,
    55000,
    56000,
    54000,
    58000
  ],
  "status": "FAILED"
}